{"cameraMode":{"drawMode":0,"name":"Shaded","section":"Shading Mode"},"sceneLighting":true,"audioPlay":false,"sceneViewState":{"showFog":true,"showMaterialUpdate":false,"showSkybox":true,"showFlares":true,"showImageEffects":true,"showParticleSystems":true},"in2DMode":false,"pivot":{"x":329.805908203125,"y":907.1038818359375,"z":194.33462524414063},"rotation":{"x":-0.08719874918460846,"y":0.0020892401225864889,"z":-0.00018296278722118586,"w":-0.996188759803772},"size":1826.988525390625,"orthographic":true}