{"cameraMode":{"drawMode":0,"name":"Shaded","section":"Shading Mode"},"sceneLighting":true,"audioPlay":false,"sceneViewState":{"showFog":true,"showMaterialUpdate":true,"showSkybox":true,"showFlares":true,"showImageEffects":true,"showParticleSystems":true},"in2DMode":false,"pivot":{"x":132.67596435546876,"y":1268.60693359375,"z":72.9653091430664},"rotation":{"x":0.027303211390972139,"y":-0.014998627826571465,"z":0.0004097779165022075,"w":0.9995145797729492},"size":2839.54736328125,"orthographic":false}