{"cameraMode":{"drawMode":0,"name":"Shaded","section":"Shading Mode"},"sceneLighting":true,"audioPlay":false,"sceneViewState":{"showFog":true,"showMaterialUpdate":false,"showSkybox":true,"showFlares":true,"showImageEffects":true,"showParticleSystems":true},"in2DMode":false,"pivot":{"x":-3.199803113937378,"y":-1.3355739116668702,"z":-2.055575370788574},"rotation":{"x":0.5231968760490418,"y":0.22164976596832276,"z":-0.14310795068740846,"w":0.8103435039520264},"size":12.172969818115235,"orthographic":false}